Row,Class,Block,V2 Length,V2 Width,V2 Area,V3 Length,V3 Width,V3 Area,V4 Length,V4 Width,V4 Area,V5 Length,V5 Width,V5 Area,V6 Length,V6 Width,V6 Area,V7 Length,V7 Width,V7 Area,V8 Length,V8 Width,V8 Area,V9 Length,V9 Width,V9 Area,V10 Length,V10 Width,V10 Area,V11 Length,V11 Width,V11 Area,V12 Length,V12 Width,V12 Area,V13 Length,V13 Width,V13 Area,V14 Length,V14 Width,V14 Area,V15 Length,V15 Width,V15 Area,V16 Length,V16 Width,V16 Area,V17 Length,V17 Width,V17 Area,V18 Length,V18 Width,V18 Area,V19 Length,V19 Width,V19 Area,V20 Length,V20 Width,V20 Area
AS23-0758.02,WT,Block 1,12.1,1.4,12.705,16,2.4,28.8,21.1,2.9,45.8925,28.3,3.2,67.92,38.6,3.7,107.115,45,4.4,148.5,52.6,5.6,220.92,62.5,6.8,318.75,68.3,7.4,379.065,69.9,9.2,466.24,72.6,9.1,510.86,77.3,10.4,583.75,80.1,10.5,621.27,83.3,10.6,644.24,81.8,10.8,639.44,79.6,9.8,609.39,75.3,9,538.31,65.3,8.4,441.27,52.7,7,284.98
AS23-0758.03,WT,Block 1,12.3,1.4,12.915,16.9,2,25.35,18.6,2.5,34.875,26.8,2.9,58.29,32.5,3.6,87.75,40.9,4.1,125.7675,49.9,5.8,217.065,57,6,256.5,66.6,6.8,339.66,60.9,8.6,413.94,73.2,9.3,512.78,74.7,9.9,565.22,85.6,10.2,641.96,83.5,10.3,648.76,88.1,10.3,695.07,75.4,9.6,594.91,75.4,9,533.71,67.6,8,399.96,55,7.3,303.97
AS23-0758.05,WT,Block 1,12.1,1.6,14.52,16.4,2.1,25.83,20.2,2.7,40.905,28.4,3.1,66.03,34.4,3.6,92.88,43,4.2,135.45,48.5,5.7,207.3375,59.5,6,267.75,67.6,6.9,349.83,62,8.8,440.35,68.7,9.1,516.42,73.8,10,607.2,87.5,10,632.5,85.2,10.3,642.2,79.9,10,603.82,75.3,9.5,561.1,68.5,8.7,483.62,60.3,7.6,362.56,52.2,6.6,258.56
AS23-0758.06,WT,Block 1,11,1.4,11.55,14.4,1.8,19.44,20.7,2.5,38.8125,24.7,2.8,51.87,32.8,3.6,88.56,36.4,4.2,114.66,44,4.7,155.1,49.2,5.8,214.02,55.3,5.9,244.7025,56.3,7.7,315.78,60.5,8.1,386.55,68.7,8.7,443.25,74,9.2,490.57,71.5,8.9,476.73,76.9,9.8,550.37,70.2,9.6,510.78,66.4,9,467.15,61.3,8.2,399.95,63,7.1,305.49
AS23-0758.09,WT,Block 1,12.2,1.4,12.81,15,2.3,25.875,23.2,2.7,46.98,28,3,63,35.2,3.6,95.04,39.9,4.2,125.685,50.2,4.9,184.485,56.9,5.8,247.515,62.8,6.7,315.57,60.2,8.3,362.93,67.2,8.1,431.99,69.6,10,523.49,77.8,10.3,600.4,74.8,10.6,580.42,80.9,10.5,630.87,78.3,9.9,575.39,73.3,8.5,467.94,63.1,8.4,409.66,59.3,7.7,329.34
AS23-0758.10,WT,Block 1,11.1,1.4,11.655,15,2.1,23.625,19.7,2.6,38.415,26.7,3.1,62.0775,33.8,3.5,88.725,41.3,4.3,133.1925,48.6,4.9,178.605,53,5.9,234.525,64.1,6.9,331.7175,59,8.3,365.64,66.3,8.9,461.01,72.3,9.6,533.62,78.7,10.2,605.25,79.8,10.2,608.56,86.9,10.4,671.37,78.7,9.8,615.85,75.1,9.6,570.31,89.8,8.4,464.87,57.2,6.9,313.25
AS23-0758.11,WT,Block 1,12.2,1.5,13.725,15.3,2.3,26.3925,20,2.7,40.5,27.4,3.1,63.705,35.6,3.6,96.12,41.1,4.1,126.3825,51,5.3,202.725,57.1,6.7,286.9275,64.4,7.3,352.59,59.8,8.7,409.62,64.5,9.9,484.36,70.5,10.2,566.57,76.6,11.2,620.18,72.2,11.5,636.15,80,11.7,669.92,78.1,10.4,642.67,70.5,9.9,564.22,66.4,8.8,462.17,54.7,8.2,363.61
AS23-0758.15,WT,Block 1,11.8,1.4,12.39,17,2.1,26.775,21.2,2.5,39.75,28.9,2.9,62.8575,35.5,3.5,93.1875,44,4.2,138.6,50.1,5,187.875,59,6.1,269.925,67.2,7.1,357.84,63.6,8.8,422.96,71.5,9.3,515.44,76.6,9.8,560.86,82.4,10.1,609.19,82.9,10.2,624.69,86.7,10.5,659.6,82.6,9.3,615.98,75.2,8.8,536.67,65.1,8.2,429.35,53.6,6.8,294.49
AS23-0758.16,WT,Block 1,13.2,1.4,13.86,17.5,2,26.25,22,2.3,37.95,26.5,2.7,53.6625,35.3,3.4,90.015,39.5,3.9,115.5375,48.9,4.9,179.7075,58.8,5.7,251.37,68.9,6.9,356.5575,65.5,8.1,437.22,70.9,9,503.23,75.3,9.3,568.5,161.9,9.9,619.45,79.4,9.5,604,80.7,9.6,616.98,80.7,8.9,566.17,71.9,8,475.66,62.8,7.5,354.36,53.6,6.3,251.13
AS23-0758.17,WT,Block 1,11.8,1.5,13.275,16.1,2,24.15,19.6,2.4,35.28,25.1,2.7,50.8275,31.2,3.3,77.22,35.6,3.7,98.79,41.2,4.7,145.23,46.5,5.4,188.325,53.2,6,239.4,57.3,7.7,304.34,61.6,8.1,377.33,66.9,8.7,420.7,146.6,9.2,442.76,66.7,9.1,427.24,,,,66.7,8.8,450.03,60.1,9,407.77,60.4,7.9,376.53,51.9,6.8,260.55
AS23-0759.02,rdla,Block 1,11.5,1.4,12.075,16.2,2,24.3,22,2.5,41.25,27.2,2.9,59.16,34.4,3.2,82.56,41,4.2,129.15,47.7,5,178.875,56,5.5,231,61.6,6.3,291.06,53.7,8.1,286.8,130.1,8.4,318.11,54.4,9.3,335.99,56.3,9.5,390.33,60.1,9.5,412.45,58.5,9.5,380.15,57.3,9.4,393.98,57.7,8.6,350.88,53.1,7.7,292.17,52.2,7.2,292.7
AS23-0759.03,rdla,Block 1,11.4,1.5,12.825,17.2,2,25.8,21.8,2.6,42.51,30.2,3,67.95,36.7,3.3,90.8325,42.9,3.6,115.83,52.5,4.6,181.125,60.2,5.5,248.325,65.1,6.4,312.48,61.5,8.5,330.54,67.1,9,418.54,67.5,9.6,448.39,69.3,9.1,469.98,64.4,9,415.37,66.1,9,425.04,64.9,8.8,423.78,64.6,7.7,386.78,56,6.9,307.78,44.2,5.2,185.45
AS23-0759.04,rdla,Block 1,11,1.3,10.725,14.6,1.9,20.805,20.7,2.5,38.8125,28,2.8,58.8,34.9,3.3,86.3775,41.6,4.1,127.92,47.2,4.9,173.46,52.9,5.4,214.245,58,5.7,247.95,52.9,7.1,237.37,55.4,7.9,301.37,59.4,7.9,290.55,66.1,9,394.84,65.9,8.8,404.2,65.6,8.9,418.72,66.9,9.2,445.47,58.5,8.6,376.11,61,7.7,357.91,111.4,6.7,358.69
AS23-0759.07,rdla,Block 1,11.6,1.4,12.18,15.3,1.9,21.8025,22.8,2.5,42.75,28.1,2.8,59.01,34.9,3.3,86.3775,42.5,3.7,117.9375,48.2,4.5,162.675,56.2,5.4,227.61,61.7,6.2,286.905,53.9,7.1,256.66,61,8.6,366.97,65.9,9.4,426,68,9.2,450.01,67.8,9.1,443.65,68.6,9.8,504.82,59.3,9.3,376.82,64.1,8.5,406.04,54.2,7,280.39,53.4,6.9,277.31
AS23-0759.08,rdla,Block 1,10,1.4,10.5,14.3,1.8,19.305,20.5,2.4,36.9,26,3,58.5,35.6,3.4,90.78,42.7,4,128.1,47,4.9,172.725,57.7,5.8,250.995,62.5,6.7,314.0625,55.1,8,307.77,63.1,7.8,368.98,50.7,7.8,282.86,59.9,9.9,414.67,55.3,9.9,389.23,67.4,10.1,475.55,53.8,9.4,369.37,55.4,9.1,360.53,50.8,8.1,311.03,51.4,7.1,276.21
AS23-0759.09,rdla,Block 1,10.2,1.3,9.945,15.3,1.8,20.655,20,2.3,34.5,26.5,2.8,55.65,32.8,3.1,76.26,38,3.4,96.9,44.2,4.2,139.23,49.1,4.9,180.4425,59.6,5.9,263.73,59.3,8,319.64,63.7,8.8,367.65,69.7,8.9,427.5,70.7,9.4,450.29,68.4,9.6,467.89,65.7,9.4,425.25,70.2,8.6,351.66,46.7,8.4,302.05,52,7.5,297.05,14.9,4.3,29.87
AS23-0759.13,rdla,Block 1,9.1,1.3,8.8725,14.5,1.9,20.6625,19.3,2.4,34.74,26.5,2.8,55.65,33,3.1,76.725,37.9,3.4,96.645,45.7,4,137.1,52.6,4.8,189.36,58.4,5.9,258.42,51.2,7.3,244.82,60.6,9,357.3,66.7,8.9,426.15,63.4,9.2,430.9,67.1,9.2,477.54,68.5,9.6,488.16,63.3,8.8,411.96,56.8,7.6,309.71,53.1,6.9,274.13,51.4,6,199.36
AS23-0759.14,rdla,Block 1,11.2,1.5,12.6,16.2,2,24.3,21.5,2.5,40.3125,28.9,2.9,62.8575,35.6,3.3,88.11,40.8,3.8,116.28,46.5,4.4,153.45,53.1,5.1,203.1075,58.1,5.8,252.735,52.3,6.9,241.04,62.6,8.5,372.73,63.4,9.2,393.13,65.1,8.4,412.02,63.3,9.4,414.06,64.2,9.2,427.19,58,7.3,325.33,56.2,8.3,353.03,56.3,7.2,296.92,46.4,6,202.46
AS23-0759.16,rdla,Block 1,10.6,1.4,11.13,14.7,1.9,20.9475,21.6,2.4,38.88,27,3,60.75,34.6,3.3,85.635,41.5,3.8,118.275,48,4.3,154.8,53.4,4.9,196.245,59.9,5.5,247.0875,51.1,6.9,223.79,60.2,7.9,322.73,59.5,7.8,331.12,60.7,8.5,367.26,55.8,8.1,316.1,,,,58,7.4,302.05,54.4,7.6,316.48,58.2,6.6,268.68,45.3,5.9,205.14
AS23-0759.17,rdla,Block 1,10.9,1.3,10.6275,14.4,1.9,20.52,22.4,2.5,42,27.6,3,62.1,36.8,3.4,93.84,43.4,3.8,123.69,50.2,4.5,169.425,58.5,5.3,232.5375,63.9,5.7,273.1725,63,8.4,340.03,67.3,8.4,398.01,70.5,9,449.07,70.4,9.2,478.91,71.7,9.3,454.37,70.6,9.5,472.2,65.4,8.4,342.76,60.5,8,362.83,54.9,7.4,298.99,49.8,6.3,232.75
AS23-0804.02,rdla,Block 2,10.1,1.4,10.605,16,1.9,22.8,22.2,2.4,39.96,28.6,3,64.35,35.1,3.5,92.1375,40.5,4.2,127.575,47.7,4.9,175.2975,59,6,265.5,65.4,6.6,323.73,62.1,8.5,380.58,69.7,9.3,452.55,64,9.9,441.3,68.4,9.8,465.07,58.3,10.2,411.44,61.5,10,419.99,63.6,9.4,446.71,59.9,8.4,401.23,55.4,7.6,326.92,48.3,6.5,242.04
AS23-0804.03,rdla,Block 2,11.6,1.3,11.31,16.5,1.9,23.5125,25.1,2.6,48.945,31,3.4,79.05,39.9,3.8,113.715,41.8,4.6,144.21,52.5,4.9,192.9375,59.4,5.9,262.845,67,6.7,336.675,66.7,8.4,379.08,64.2,8.1,384.66,54,9.1,301.43,65.8,9.7,473.66,65.4,10.7,478.39,63.2,8,383.97,54.4,9.3,365.93,63.6,8.8,408.76,53.8,7.9,337.77,46.5,6.7,253
AS23-0804.05,rdla,Block 2,10,1.4,10.5,15.9,2,23.85,22.4,2.6,43.68,31.8,3.3,78.705,38.2,3.6,103.14,46.5,4.3,149.9625,54.6,4.8,196.56,62.8,6.1,287.31,69.1,6.6,342.045,66.5,8,376.8,65.8,8.6,411.2,70.3,9.1,451.48,65.7,9.7,417.57,61.2,8.8,354.02,43.7,9,287.79,57.3,9,351.84,50.2,7.7,277.59,48.6,6.9,249.28,41.3,5.9,190.52
AS23-0804.06,rdla,Block 2,7.5,1.4,7.875,13.1,2.2,21.615,22.4,2.7,45.36,32.2,3.2,77.28,39.7,3.7,110.1675,46.8,4.8,168.48,52.3,5.4,211.815,58.7,5.8,255.345,59,,,,,,,,,58.4,8.5,342.57,,,,61.8,8.4,370.72,62.5,8,386.25,61.1,7.5,357.65,56.2,6.8,308.96,49.2,5.7,231.49,31.3,4.4,88.16
AS23-0804.07,rdla,Block 2,9.7,1.4,10.185,16.7,1.9,23.7975,25.2,2.7,51.03,36.2,3.4,92.31,44.1,4,132.3,49.8,5.1,190.485,57.2,5.8,248.82,60.5,6.3,285.8625,69.9,7,366.975,63.8,8,387.58,66.9,8.6,435.68,69.2,8.8,436.15,69.6,8.6,416.72,57.1,9.3,367.83,55.7,8.7,319.17,55.9,8.7,314.07,49.9,7.6,292.88,43.2,6.7,221.75,30.8,4.7,111
AS23-0804.12,rdla,Block 2,8.9,1.4,9.345,14.6,2.2,24.09,21.8,2.9,47.415,30.5,3.5,80.0625,40.8,4,122.4,46.5,4.6,160.425,56.6,5.7,241.965,67.1,6.3,317.0475,68.2,7.1,363.165,66.8,8.2,393.3,70.7,8.3,393.06,67.9,8.5,395.42,66,8.8,367.76,62.9,8,363.76,54.6,8.8,318.91,69.9,7.7,329.38,52.6,7.1,274.53,46.4,6.2,209.41,34.7,4.6,123.51
AS23-0804.13,rdla,Block 2,9.2,1.6,11.04,16.5,2.2,27.225,23.5,2.9,51.1125,34.4,3.4,87.72,44.5,3.9,130.1625,52.7,4.3,169.9575,59.5,5.2,232.05,65.1,6,292.95,70.3,6.4,337.44,68.9,7.6,371.95,70.6,7.4,394.32,62.4,12.8,378.34,67.9,9.2,412.68,65.8,9,387.86,60.6,8.7,368.93,46.1,8.1,276.9,46.8,6.3,200.2,37.3,5.2,143.68,,,
AS23-0804.14,rdla,Block 2,9.7,1.5,10.9125,16.3,2.3,28.1175,25.3,3,56.925,32.8,3.7,91.02,41.8,4.5,141.075,49,4.5,165.375,56.6,5.4,229.23,63.8,5.7,272.745,68.3,6.4,327.84,61.4,7.7,335.03,60.6,7.4,336.94,63.8,9.5,370.69,60.3,8.7,352.88,71.4,8.2,386.17,59.6,8,380.65,52.5,7.1,314.5,55.6,6.5,256.94,54,5.1,159.27,,,
AS23-0804.15,rdla,Block 2,10.7,1.2,9.63,15.5,1.8,20.925,24.3,2.5,45.5625,32.7,3.2,78.48,40.7,3.4,103.785,42.8,4.1,131.61,52.6,4.8,189.36,56.6,5.2,220.74,66.6,5.9,294.705,66.8,7.4,315.53,69.7,7.3,371.1,69.8,7.6,367.69,68.7,8.5,408.39,72,8.9,441.73,67.6,8.5,404.81,59.3,7.9,345.6,55.7,6.9,308.61,46.8,6.2,228.38,48.1,4.5,131.82
AS23-0804.17,rdla,Block 2,9,1.5,10.125,14.5,2.2,23.925,22.3,2.8,46.83,32.2,3.3,79.695,40.8,4.1,125.46,48.7,5.2,189.93,55.9,5.8,243.165,64.1,6.4,307.68,68.9,5.7,294.5475,62,8,357.11,62.3,8.8,390.42,65.4,7.5,340.1,65.4,8.7,403.45,55.2,8.8,345.89,60.8,9.1,380.99,57.4,7.9,332.5,47.6,8,289.51,46.1,6.7,231.41,34.2,5,132.01
AS23-0805.02,WT,Block 2,10.1,1.6,12.12,15.1,2.2,24.915,21.2,2.8,44.52,28.2,3.2,67.68,37,3.8,105.45,41.4,4.5,139.725,47.3,5.4,191.565,56.3,6.3,266.0175,65.6,6.9,339.48,64.3,8,405.94,70.3,9.2,449.01,73.4,9.6,544.79,72.5,9,527.25,73.7,11.2,605.57,78.3,11.5,623.33,75.4,10.3,557.48,71.2,10,534,61.8,9,422.77,55.2,7.9,325.38
AS23-0805.03,WT,Block 2,10.8,1.5,12.15,15,2.4,27,22.3,2.8,46.83,27.4,3.2,65.76,35.6,3.9,104.13,41.6,4.4,137.28,49,5.1,187.425,56.8,5.6,238.56,61,6.7,306.525,61.8,7.9,364.93,60.1,8.3,362.39,70,8.9,464.83,69.7,9.7,434.34,77.7,9.6,542.48,82,10.8,466.57,74.3,9.4,520.44,66.3,8.8,452.25,62.4,8.1,396.88,51.3,7.1,282.49
AS23-0805.06,WT,Block 2,10.7,1.7,13.6425,17.2,2.3,29.67,25.1,2.9,54.5925,31.9,3.5,83.7375,38.3,4,114.9,45.1,4.9,165.7425,53.7,5.7,229.5675,62.3,6.3,294.3675,71.4,7.1,380.205,68,8.3,408.33,74.5,8.6,501.38,75.3,9,535.11,84.4,10.1,601.85,84.1,9.7,601.34,69.4,9.4,537.8,72.3,8.9,520.14,63,8.1,414.48,55.3,6.9,311.36,48.7,7.7,225.44
AS23-0805.08,WT,Block 2,11.6,1.5,13.05,17.5,2.2,28.875,26.1,2.9,56.7675,33.2,3.6,89.64,40.9,3.8,116.565,44.7,4.9,164.2725,50.7,5.9,224.3475,59.4,6.3,280.665,64.3,7.3,352.0425,64.4,8.1,403.56,66,9.1,467.18,73.8,9.6,528.57,79.4,10.3,540.3,83.2,10.6,596.83,80,10.1,606.54,80.2,9.9,605.15,72.2,9.1,536.68,62.7,8.8,438.25,54.1,7.4,327.56
AS23-0805.10,WT,Block 2,12.5,1.6,15,19,2.2,31.35,27.6,3.1,64.17,32,3.7,88.8,41.8,4.1,128.535,47.9,5,179.625,53,5.9,234.525,61.6,6.5,300.3,71.5,6.8,364.65,67,8.1,337.55,69.9,8.4,446.86,75.5,8.8,473.48,79.2,8.8,508.91,79.6,10.2,539.21,68.2,9.7,470.09,67.1,9.2,447.24,62.6,8.8,416.68,53.3,8.2,325.81,47.4,6.8,248.82
AS23-0805.12,WT,Block 2,11,1.5,12.375,16,2.2,26.4,23.9,2.8,50.19,32.6,3.3,80.685,41.2,4,123.6,48,4.8,172.8,56.8,5.7,242.82,66.8,6.4,320.64,75.3,7.3,412.2675,73.8,8.1,455.71,74,7.9,464.94,80.8,9.3,565.47,91.9,9.5,588.97,83.6,9.8,611.58,75,9.8,576.96,68.6,9,518.56,69.1,8.5,465.05,57.2,7.6,336.65,49.8,6.2,244.26
AS23-0805.13,WT,Block 2,11.9,1.6,14.28,16.8,2.2,27.72,24.8,2.8,52.08,34.4,3.4,87.72,43.2,4,129.6,49.8,4.8,179.28,58.4,5.6,245.28,66.8,6.4,320.64,70,7.2,378,70.4,7.7,397.8,75.5,8.4,470.29,77.2,9,513.89,84.4,9.6,567.05,83.6,9.7,611.84,83.1,9.6,584.25,76,9,546.23,66.1,8.2,439.7,59.6,7.3,333.72,51.4,6.2,250.24
AS23-0805.14,WT,Block 2,12.3,1.6,14.76,19.4,2.2,32.01,26.5,2.9,57.6375,35.3,3.4,90.015,42.9,4.1,131.9175,48.2,4.9,177.135,56,5.5,231,62.6,6.2,291.09,72.7,6.9,376.2225,71.8,7.8,422.97,72.4,8.8,485.86,79.9,9.4,537.32,84.5,9.2,558.93,83.3,9.7,584.62,76.7,9.5,552.09,68.8,8.9,486.44,61.6,7.9,390.88,53.7,7.1,278.37,38.1,5.6,155.24
AS23-0805.15,WT,Block 2,11.6,1.4,12.18,17.5,2.2,28.875,25.5,2.7,51.6375,34.4,3.5,90.3,42.6,4,127.8,48.8,5,183,56.3,5.7,240.6825,61.7,6.6,305.415,67.8,6.9,350.865,62.8,7.9,372.6,73.3,8.6,442.18,75.6,9.4,513.56,76.2,10.6,569.86,81.6,10,569.34,67,10,483.18,69,9.9,516.09,65.1,8.9,442.84,51.5,8.1,311.6,43.9,6.4,211.59
AS23-0805.17,WT,Block 2,10.7,1.5,12.0375,15.9,2,23.85,21.8,2.9,47.415,31.5,3.2,75.6,39.8,4,119.4,47.3,4.6,163.185,51,5.7,218.025,60.2,6.3,284.445,66.7,7.1,355.1775,65,7.8,371.62,72.1,8.3,391.56,75.3,9.2,525.16,83.4,10,601.24,79.1,10.4,596.14,81.3,10.3,604.23,72.6,9.5,524.2,91,8.7,447.21,57.3,7.7,318.45,36.3,5.1,136.08
AS23-0896.03,rdla,Block 3,9,1.4,9.45,14.4,1.7,18.36,23.3,2.5,43.6875,31.2,3.1,72.54,35.9,3.4,91.545,40.4,3.5,106.05,45,4.5,151.875,50.8,5.1,194.31,58.7,5.7,250.9425,56.7,7.1,256.2,62.4,7.5,339.99,65.5,7.8,373.44,54,8.3,325.9,62.6,9,378.71,67.5,9.5,437.56,62,8.9,388.04,63.5,8.2,367.12,61.7,7.2,347.28,50.8,6.7,255.51
AS23-0896.04,rdla,Block 3,11.8,1.4,12.39,18.4,1.9,26.22,26.2,2.7,53.055,31,3.2,74.4,33.7,3.5,88.4625,36.9,3.7,102.3975,42.6,4.6,146.97,50.1,4.6,172.845,57.1,5.3,226.9725,57.6,6.7,244.76,62.9,6.3,278.93,66.9,7.1,313,63.8,6.9,277.68,67.4,8.5,299.17,61.7,8.2,371.53,62.2,7.7,362.51,57.6,7.7,344.91,82.8,6.7,284.7,41.5,4.8,138.68
AS23-0896.05,rdla,Block 3,11.2,1.3,10.92,16.4,1.9,23.37,25,2.5,46.875,30,3.3,74.25,38.8,3.5,101.85,41.2,4,123.6,50.9,4.5,171.7875,58.1,5.4,235.305,64.9,5.7,277.4475,64.5,7.4,316.95,58.7,8.4,350.88,79.4,8.3,372.23,71.4,8.8,430.15,70.4,9.4,417.13,66.8,9.4,421.06,61.2,8.4,400.32,59.3,8.2,363.64,49,7.2,289.37,52.2,6.3,224.19
AS23-0896.06,rdla,Block 3,11.8,1.4,12.39,16.6,1.9,23.655,25.2,2.7,51.03,30.7,3.1,71.3775,34.8,3.5,91.35,38.4,3.7,106.56,46.6,4.3,150.285,53.6,4.9,196.98,61.5,5.5,253.6875,47.3,7.2,217.18,62.8,7.5,339.11,73.1,8.6,412.11,73.2,9.2,441.41,67.6,9.2,412.92,67.5,8.8,431.23,61.4,8.5,396.08,60.1,8.4,349.51,53.2,7.2,296.59,46.5,6.2,219.21
AS23-0896.09,rdla,Block 3,11.6,1.3,11.31,16.2,1.8,21.87,23.1,2.5,43.3125,31.6,3.2,75.84,36.6,3.5,96.075,40.7,4.1,125.1525,44.4,4.6,153.18,49.5,5.2,193.05,50.6,5.8,220.11,50.1,7,231.61,55.8,7.6,265.2,60.2,8.4,343.4,67,7.8,345.97,66.4,8.3,378.46,59.6,9.1,352.41,56,7.4,278.77,55.5,8.2,331.69,55.7,7.6,318.69,49.6,6.4,240.33
AS23-0896.10,rdla,Block 3,11.5,1.4,12.075,15.6,1.7,19.89,22,2.4,39.6,28.7,2.9,62.4225,32.4,3.4,82.62,34.8,3.8,99.18,46,4.3,148.35,44.2,4.5,149.175,50.8,5,190.5,54.8,7.5,250.67,59.1,7.6,287.67,59.8,7.1,293.97,65.3,7.6,331.26,58.2,8.2,315.13,58.7,8.2,330.65,51.2,8.5,301.99,55.9,6.4,256.32,53.7,7.1,273.25,45.5,6.1,195.36
AS23-0896.11,rdla,Block 3,11.9,1.3,11.6025,16.6,1.9,23.655,21.8,2.6,42.51,28.7,3,64.575,34.6,3.3,85.635,37,3.9,108.225,44.7,4.3,144.1575,49,4.7,172.725,60.6,4.7,213.615,57.8,7.4,276.36,62.6,8.5,357.58,65.4,8.1,384.52,70.5,9.3,444.01,67.6,9.8,431.96,57.7,9,410.91,66.8,8.3,387.19,57.4,8,347.65,57.3,6.9,293.94,46.1,5,153.9
AS23-0896.12,rdla,Block 3,12.6,1.4,13.23,17.4,1.9,24.795,25.7,2.7,52.0425,30,3.3,74.25,36.2,3.4,92.31,41.7,4.1,128.2275,49.2,4.7,173.43,51.5,4.8,185.4,59.5,5.3,236.5125,56.3,7.4,266.29,76.2,6.1,328.98,65.2,8.3,369.3,69.3,7.6,344.88,65.1,9.5,400.13,136.4,9.3,391.23,62.1,8.3,359.89,57.6,8,331.68,53.1,7.2,290.9,46.7,6.4,223.81
AS23-0896.13,rdla,Block 3,11.2,1.2,10.08,16.2,1.8,21.87,26.3,2.8,55.23,29.3,2.9,63.7275,34.2,3.4,87.21,40.3,3.9,117.8775,47.1,4.3,151.8975,52,5.2,202.8,59,5.5,243.375,60.9,6.9,277.81,59.3,6.4,252.13,64.8,7.4,336.47,64.6,8.1,324.03,68.1,9.3,421.86,57.5,9.4,342.56,62.3,8.7,400.09,56,7.7,327.48,53.9,7.1,280.66,52.2,6.1,210.91
AS23-0896.16,rdla,Block 3,12.1,1.5,13.6125,17,2,25.5,22.8,2.7,46.17,33,3.3,81.675,38.1,3.6,102.87,45,3.9,131.625,50.4,4.8,181.44,61,5.5,251.625,65.6,6.4,314.88,62.9,8.5,350.64,56.7,7.3,301.39,65.7,8.8,418.64,71.4,10.1,490.12,150.5,10.7,529.09,67.3,9,429.94,63,7.6,310.43,62.4,7.8,375.26,55.8,7.2,311.81,49.9,6.2,236.11
AS23-0897.02,WT,Block 3,10.7,1.4,11.235,15.3,2,22.95,23.4,2.8,49.14,33.2,3.2,79.68,40.7,3.6,109.89,42,4.5,141.75,52.6,5.3,209.085,56.8,5.7,242.82,62,6.5,302.25,60.5,7.7,323.54,68.1,8.3,410.64,74.9,9.2,478.99,79.2,10.4,527.55,79.9,10,584.55,80.7,10.1,589.45,74.4,9.5,545.22,62.7,8.7,430.14,53.7,7.5,326.32,42.7,6,186.76
AS23-0897.03,WT,Block 3,10.3,1.5,11.5875,14.5,2.2,23.925,21.2,2.6,41.34,31.6,3.3,78.21,39.4,3.6,106.38,42.9,4.2,135.135,47,5.1,179.775,56.3,5.9,249.1275,66.8,6.3,315.63,66.8,7.4,359.38,70,8.4,414.25,66.9,8.6,453.51,77.5,12.1,556.49,77.5,10.3,521.09,69.5,9.9,515.48,65,9.3,461.51,58.8,8.5,378.1,56,7.9,330.57,49.3,6.9,257.67
AS23-0897.04,WT,Block 3,12.7,1.5,14.2875,17,2.1,26.775,24.4,3,54.9,35.9,3.4,91.545,43,3.9,125.775,47.8,4.8,172.08,54,5.5,222.75,62.1,6.3,293.4225,68,6.4,326.4,65.8,7.9,383.3,70.6,8.2,427.54,69.4,7.8,393.51,73.7,10,508.72,72.9,9.4,454.18,65.6,9.6,446.4,68.6,9,433.02,52.1,8.6,363.6,50.1,7.3,288.29,38.6,6,167.99
AS23-0897.05,WT,Block 3,10.1,1.4,10.605,14.4,1.9,20.52,21.1,2.6,41.145,30.8,3.2,73.92,39.8,3.8,113.43,41.4,4.4,136.62,48.5,5,181.875,57.3,5.5,236.3625,61.3,5.8,266.655,61.5,6.8,286.57,67.3,7.2,354.07,73.8,8.4,424.72,80.9,9.2,533.06,87.2,10,610.14,78,9.4,582.33,145.7,9.1,544.45,63.7,8.3,402.24,57.8,7.4,310.76,46.9,6.6,232.98
AS23-0897.06,WT,Block 3,10.5,1.6,12.6,15.5,2.3,26.7375,23.4,2.8,49.14,32.2,3.5,84.525,41.3,3.9,120.8025,48.4,4.8,174.24,55.6,5.2,216.84,62.4,6.1,285.48,69.6,6.6,344.52,67.5,7.5,357.85,74.5,7.9,396.73,78.3,8.8,520.56,85,9.9,605.2,78.4,9.9,585.12,75.3,9.4,548.49,66.2,8.8,467.98,60.9,7.9,382.61,52,6.9,288.32,37.8,6,163.66
AS23-0897.08,WT,Block 3,11.3,1.5,12.7125,16.4,2.2,27.06,23,2.8,48.3,30.3,3.4,77.265,40.7,4,122.1,44.3,4.8,159.48,53.4,5.6,224.28,58.6,5.8,254.91,64.3,6.6,318.285,60.7,7,313.72,65.6,7.8,385.3,72.8,8.5,450.18,75.5,9.4,494.43,76.6,8.5,449.76,79.7,9.9,573.85,81.8,9.3,563.88,70.9,8.7,463.69,58,7.5,352.9,53,6.7,274.46
AS23-0897.09,WT,Block 3,13.6,1.2,12.24,16.5,1.9,23.5125,24.2,2.7,49.005,31.8,3.3,78.705,38.9,3.8,110.865,43,4.3,138.675,51.4,4.8,185.04,60.1,5.9,265.9425,65,6.4,312,66.4,7.1,357.08,71.9,7.9,410.24,78.8,9,519.15,81.3,9.4,549.42,85.7,9.8,623.51,75,9.8,594.83,68.8,9.1,515.4,65.6,8.5,449.72,59.7,7.4,328.68,54.4,6.5,254.75
AS23-0897.12,WT,Block 3,10.2,1.5,11.475,15.4,2,23.1,22.4,2.8,47.04,30.7,3.3,75.9825,39.3,4.1,120.8475,44.9,4.5,151.5375,52.3,5.4,211.815,57.5,6,258.75,67.2,6.6,332.64,58.2,7.3,325.93,68,8.3,393.77,68.8,9.1,451.6,80.3,9.6,502.25,80.2,10.1,579.15,78.2,10.3,601.21,77.3,9.6,558.87,67.7,8.8,469.99,61,7.9,353.86,49.9,6.8,260.4
AS23-0897.13,WT,Block 3,11,1.4,11.55,16.8,2.1,26.46,23.7,2.9,51.5475,33.7,3.5,88.4625,43.8,4,131.4,50.1,4.5,169.0875,53,5.5,218.625,64.3,6.3,303.8175,67.3,6.8,343.23,63.6,8.3,405.79,71.5,8.6,483.62,80,8.9,566.91,81.9,10,608.31,77.3,10.1,594.28,75.6,9.8,587.62,69.9,9,498.99,59.2,8,381.87,53.3,6.9,280.27,32.3,5.1,121.59
AS23-0897.14,WT,Block 3,12.1,1.6,14.52,16.7,2.4,30.06,25.6,2.9,55.68,34.8,3.4,88.74,41.1,4,123.3,50.8,4.8,182.88,56.2,5.6,236.04,64.6,6.5,314.925,69.5,7.2,375.3,68.9,8.2,424.18,75.1,8.7,441.94,79.1,9.6,538.28,85.1,9.8,599.4,83.5,10.6,647.59,75.7,10.1,582.26,72.1,9.5,544.71,61.7,8.6,418.96,56.2,7.7,328.69,48.5,6.5,233.43
AS23-0940.02,WT,Block 4,10.4,1.6,12.48,14.3,2.1,22.5225,21.2,2.5,39.75,28.7,3.2,68.88,37.6,3.8,107.16,45.4,4.6,156.63,53.2,5.3,211.47,63.2,6.4,303.36,72.3,7.1,384.9975,69.2,8.5,445.24,75.3,8.9,518.97,79.7,9.5,594.98,85.2,10.4,639.74,81.4,10.5,640.84,84.1,10.6,642.05,75.4,9.5,573.79,66,8.9,478.39,61.5,7.8,381.34,54,6.6,280.3
AS23-0940.03,WT,Block 4,11.8,1.6,14.16,17,2.1,26.775,24.8,2.9,53.94,30.7,3.4,78.285,41,3.8,116.85,47.6,4.8,171.36,55.4,5.6,232.68,62.9,6.8,320.79,70.8,7.2,382.32,67.6,8.5,385.25,74.1,9.4,519.26,74.4,9.6,545.74,84.7,10.2,628.99,85,10.3,549.83,77.6,9.6,598.43,79.4,10,617.71,64.2,9.2,493.68,60.5,8.3,404.91,56.2,7,298.85
AS23-0940.04,WT,Block 4,9.2,1.6,11.04,14.6,2.3,25.185,23,2.7,46.575,28.8,3.4,73.44,39.5,3.9,115.5375,45.9,4.6,158.355,54.5,5.6,228.9,61,6.3,288.225,69.7,6.7,350.2425,62,8.7,373.85,74.9,9.2,479.4,74,9.7,540.03,85.4,10.7,631.9,79.9,11,601.4,72.7,10.6,622.28,72.9,10.1,595.14,65.9,9.4,483.31,60.5,8.7,413.19,50.8,7.4,294.99
AS23-0940.07,WT,Block 4,10.8,1.5,12.15,16.2,2.3,27.945,22.5,2.4,40.5,29.7,3.1,69.0525,36.4,3.9,106.47,41.9,4.6,144.555,49.3,5.3,195.9675,57,6.2,265.05,55.2,7.1,293.94,54.8,7.8,320.43,63.5,8.5,403.95,69.9,8.6,445.54,71.8,9.1,437.91,72,9.5,469.86,75.2,9.7,506.46,68.5,9.5,493.33,73.6,9,480.42,60.2,8.1,405.93,55.3,7.6,331.15
AS23-0940.12,WT,Block 4,10.6,1.5,11.925,15.6,1.9,22.23,22.5,2.7,45.5625,28.9,3.2,69.36,39.6,3.8,112.86,42.8,4.4,141.24,52.6,5.3,209.085,61.9,6.4,297.12,69.5,6.9,359.6625,71.5,8.1,417.09,76,8.9,479.96,81,9.2,563.09,84.2,9.9,614.76,82,9.9,616.17,71.8,10.5,553.04,72.4,9.1,527.61,65.2,9,473.97,65.7,7.9,393.38,52.2,6.7,293.01
AS23-0940.13,WT,Block 4,12.6,1.7,16.065,19.5,2.2,32.175,27.8,2.9,60.465,33.5,3.5,87.9375,42.4,3.9,124.02,45.2,4.9,166.11,55.2,5.6,231.84,65.1,6.4,312.48,71.8,6.9,371.565,71.9,8.5,445.52,76.1,9.2,489.34,77.1,9.3,544.6,80,10.3,539.92,74.9,10.3,475.3,71,9.5,501.29,63.3,9.4,447.46,62.9,8.7,412.67,67,8.1,360.87,48.5,6,219.89
AS23-0940.14,WT,Block 4,11,1.5,12.375,15.6,2,23.4,22.4,2.7,45.36,31.3,3.1,72.7725,39.2,3.7,108.78,44.7,4.4,147.51,53.2,5.2,207.48,61.6,6.3,291.06,71.8,6.7,360.795,70.8,9.7,409.48,74.1,8.3,472.49,77.1,8.6,530.32,84.2,9.4,577.8,80,9.4,550.27,76.6,8.9,510.86,55.8,7.8,342.2,56.8,7.8,356.61,54.9,7,295.74,48.8,6.2,235.43
AS23-0940.15,WT,Block 4,12.4,1.6,14.88,19.1,1.9,27.2175,25.6,2.7,51.84,32.2,3.3,79.695,40.8,3.8,116.28,48,4.5,162,56.2,5.5,231.825,65.6,6.3,309.96,74.1,7.1,394.5825,73.1,8.1,440.76,75.2,8.7,491.64,77.4,9.3,556.78,85.8,10,632.27,85.6,10,626.26,155,9.4,596.28,66.8,8.9,513.76,63.7,8.1,432.81,58.2,7.3,333.61,44.6,7.1,241.87
AS23-0940.16,WT,Block 4,11.3,1.6,13.56,16.3,2.1,25.6725,23.1,3,51.975,31.3,3.3,77.4675,41,3.9,119.925,47,4.7,165.675,52.9,5.7,226.1475,62.8,6.6,310.86,73.1,7.3,400.2225,70.4,8.3,422.96,72.1,9.3,484.4,76.1,9.3,534.18,79.9,10.2,576.55,80.8,10.9,600.06,73.6,9.7,503.05,55.4,9.3,407.9,63.5,9.8,395.31,58.3,7.9,331.38,51,6.4,260.62
AS23-0940.18,WT,Block 4,9.5,1.4,9.975,15.2,1.8,20.52,21.6,2.5,40.5,26.8,2.9,58.29,35.6,3.6,96.12,44.6,4.2,140.49,50,4.5,168.75,58.9,5.5,242.9625,66.3,6.5,323.2125,68.7,8,370.51,94.5,8.5,495.96,76.2,9.5,522.4,80,10,595.56,83.2,10,615.68,79.6,9.7,590.63,74.9,9.1,535.01,60.7,8.1,404.21,63,7.5,365.26,48.6,6.2,238.92
AS23-0941.03,rdla,Block 4,8,1.3,7.8,13.7,1.9,19.5225,19.5,2.6,38.025,27.3,2.9,59.3775,35.2,3.4,89.76,43.5,3.8,123.975,54.2,4.5,182.925,61,5.4,247.05,68.4,6,307.8,142.6,8,389.99,70.7,8,417.92,69.1,8.6,423.05,68.2,8.2,392.73,,,,61.9,8.9,379.97,55.6,8.4,337.88,50.6,7.4,295.84,54.6,6.5,245.56,46.8,5.5,199.46
AS23-0941.05,rdla,Block 4,8.6,1.3,8.385,13.4,1.9,19.095,19.5,2.5,36.5625,27.1,2.8,56.91,34.2,3.3,84.645,39.2,3.7,108.78,47.6,4.6,164.22,57.8,5.4,234.09,64.7,6.3,305.7075,58.9,7.1,293.94,,,,62.4,7.2,307.9,63.1,8.4,393.35,57.2,8.3,356.54,61.5,7,253.09,61.6,8,385.97,60.3,7.5,351.71,65.2,9.8,333.65,48.2,5.7,218.95
AS23-0941.08,rdla,Block 4,8,1.4,8.4,14.2,2,21.3,20.2,2.5,37.875,29.4,3,66.15,35.4,3.3,87.615,44.7,3.8,127.395,54.9,4.3,177.0525,66.6,5.3,264.735,74.4,6.3,351.54,70.3,7.7,402.01,68.2,8.4,423.77,68.9,8.8,435.37,61.5,6.2,282.96,55,8.7,309.03,62.8,9.1,419.48,64,7.9,368.19,53.5,6.8,283.77,52.3,5.9,254.76,44.9,4.9,168.92
AS23-0941.09,rdla,Block 4,9.8,1.7,12.495,15.5,2,23.25,24.1,2.7,48.8025,30.6,3.2,73.44,35.3,3.8,100.605,42.7,4.1,131.3025,49.3,5,184.875,58.7,5.3,233.3325,61.2,6.1,279.99,52.7,7.3,262.36,61.8,6.5,286.99,63.1,8.1,348.85,57.4,8.1,309.27,63.6,8.5,370.69,58.9,8.2,374.42,59.8,8.6,372.92,57.3,6.9,313.15,50.8,5.9,236.13,43.1,5.1,172.81
AS23-0941.10,rdla,Block 4,9.1,1.5,10.2375,14.2,2,21.3,21.1,2.7,42.7275,29.5,3.2,70.8,36.7,3.4,93.585,41.2,4.2,129.78,53.1,4.7,187.1775,61.4,5.6,257.88,70.6,6.5,344.175,70.4,8.2,389.67,72.2,8.4,427.28,68.5,9.1,423.74,72.3,9.1,464.31,63.4,9.3,386.54,67.6,9,423.67,60.9,8.6,392.9,55.3,7.9,331.26,44.9,7,237.1,45.2,6,209.67
AS23-0941.11,rdla,Block 4,9.4,1.4,9.87,13,1.9,18.525,19.6,2.4,35.28,25.7,2.8,53.97,26.9,3.4,68.595,36.5,3.4,93.075,50.1,4.5,169.0875,54.8,5.4,221.94,67.5,6.1,308.8125,134.6,7.7,382.24,71.8,8.3,437.18,98.9,8.5,460.61,74.3,9,463.67,70.3,9.3,430.43,71.3,9.1,471.19,60.7,8.7,391.44,48,8,292.91,51.5,7.1,289.3,45.3,6.1,216.13
AS23-0941.12,rdla,Block 4,7,1.2,6.3,11,1.7,14.025,17.4,2.5,32.625,26.3,2.9,57.2025,36.7,3.5,96.3375,44.2,3.9,129.285,49.2,4.9,180.81,56.4,5.7,241.11,62,6.4,297.6,57.4,7.8,271.17,59.5,6,272.61,,,,68.2,8.2,413.97,68.1,9.3,461.7,60.8,9.2,397.45,57.2,8.5,374.2,59.2,8.1,344.78,53.3,6.7,282.46,46.3,5.8,204.21
AS23-0941.14,rdla,Block 4,8.8,1.5,9.9,14.1,2.1,22.2075,21,2.7,42.525,29,3.2,69.6,40,3.7,111,45.9,4.7,161.7975,55.4,5.2,216.06,64.1,6.3,302.8725,69.2,6.7,347.73,63,7.9,371.25,63.3,8.8,432.41,69.3,8.8,431.35,64.8,8.7,364.15,69.2,9.6,455.71,54.8,9.3,380.68,58.6,8.6,367.85,57,8.1,345.61,48.9,6.4,251.62,48,5.3,176.8
AS23-0941.17,rdla,Block 4,8.9,1.5,10.0125,14,2,21,21.1,2.7,42.7275,30.4,3,68.4,38.2,3.7,106.005,45.6,4.4,150.48,49.8,5.2,194.22,60.9,5.7,260.3475,66.8,6.5,325.65,60,6.9,309.81,61.5,8.3,371.7,66.7,8.8,419.92,67.2,9.1,443.62,65.4,9.3,449.39,64.1,8.2,321.18,57.1,7.2,217.81,57,6.7,273.4,48.2,6.4,228.45,43.8,5.4,188.22
AS23-0941.18,rdla,Block 4,9.3,1.5,10.4625,14.2,2.1,22.365,21.5,2.8,45.15,28.1,3.2,67.44,35.8,3.7,99.345,42.4,4.3,136.74,52.2,4.9,191.835,59.3,5.5,244.6125,62.2,6.4,298.56,61.1,7.6,308.12,61.6,7.9,314.61,67.2,9,419.95,63.4,8.6,375.59,65,10.1,459.61,67.9,9.6,472.71,61.3,9.2,383.69,62.3,8.6,395.37,58.8,8.3,370.27,53.2,7,298.36
